<?xml version="1.0" encoding="UTF-8"?>

<document repository="default" id="sample-workflow-final-review-task">
    <system>
        <type>RouteNode</type>
        <path>SampleWorkflow/sample-workflow-final-review-task</path>
        <lifecycle-state>validated</lifecycle-state>
        <lifecycle-policy>documentRouteElement</lifecycle-policy>
        <facet>facet-sample-workflow-final-review-task</facet>
        <access-control/>
    </system>
    <schema xmlns:common="http://www.nuxeo.org/ecm/schemas/common/" name="common"></schema>
    <schema xmlns:sample-workflow-final-review-task="http://www.nuxeo.org/ecm/project/schemas/demo-studio/sample-workflow-final-review-task"
            name="sample-workflow-final-review-task"></schema>
    <schema xmlns:dc="http://www.nuxeo.org/ecm/schemas/dublincore/" name="dublincore">
        <dc:description><![CDATA[Thank you for validating the document]]></dc:description>
        <dc:title><![CDATA[workflow.sample.final.review.title]]></dc:title>
    </schema>
    <schema xmlns:rnode="http://www.nuxeo.org/ecm/schemas/route_node/" name="route_node">
        <rnode:taskDocType><![CDATA[TaskDoc]]></rnode:taskDocType>
        <rnode:taskButtons>
            <button>
                <filter><![CDATA[]]></filter>
                <name><![CDATA[approve]]></name>
                <label><![CDATA[workflow.action.approve]]></label>
                <validate><![CDATA[true]]></validate>
            </button>
        </rnode:taskButtons>
        <rnode:transitions>
            <transition>
                <condition><![CDATA[NodeVariables["tasks"].getNumberEndedWithStatus("approve")==NodeVariables["numberOfTasks"]]]></condition>
                <chain><![CDATA[ch_contract_approved]]></chain>
                <targetId><![CDATA[sample-workflow-stop-node]]></targetId>
                <name><![CDATA[approve_sample-workflow-final-review-task]]></name>
                <label><![CDATA[approved]]></label>
            </transition>
        </rnode:transitions>
        <rnode:taskY><![CDATA[240]]></rnode:taskY>
        <rnode:variablesFacet><![CDATA[facet-sample-workflow-final-review-task]]></rnode:variablesFacet>
        <rnode:taskX><![CDATA[180]]></rnode:taskX>
        <rnode:inputChain><![CDATA[]]></rnode:inputChain>
        <rnode:executeOnlyFirstTransition><![CDATA[false]]></rnode:executeOnlyFirstTransition>
        <rnode:hasMultipleTasks><![CDATA[true]]></rnode:hasMultipleTasks>
        <rnode:allowTaskReassignment><![CDATA[false]]></rnode:allowTaskReassignment>
        <rnode:stop><![CDATA[false]]></rnode:stop>
        <rnode:taskAssignees>
            <item><![CDATA[administrators]]></item>
        </rnode:taskAssignees>
        <rnode:hasTask><![CDATA[true]]></rnode:hasTask>
        <rnode:escalationRules/>
        <rnode:outputChain><![CDATA[ch_contract_approved_notice]]></rnode:outputChain>
        <rnode:taskDirective><![CDATA[workflow.sample.final.review.directive]]></rnode:taskDirective>
        <rnode:taskAssigneesExpr/>
        <rnode:nodeId><![CDATA[sample-workflow-final-review-task]]></rnode:nodeId>
        <rnode:start><![CDATA[false]]></rnode:start>
        <rnode:taskAssigneesPermission><![CDATA[ReadWrite]]></rnode:taskAssigneesPermission>
    </schema>

</document>
