<?xml version="1.0" encoding="UTF-8"?>

<document repository="default" id="SampleWorkflow">
    <system>
        <type>DocumentRoute</type>
        <path>SampleWorkflow</path>
        <lifecycle-state>validated</lifecycle-state>
        <lifecycle-policy>documentRouteElement</lifecycle-policy>
        <facet>DocumentRoute</facet>
        <facet>Orderable</facet>
        <facet>StepFolder</facet>
        <facet>facet-sample-workflow</facet>
        <access-control/>
    </system>
    <schema xmlns:docrm="http://www.nuxeo.org/ecm/schemas/document_route_model" name="document_route_model"></schema>
    <schema xmlns:common="http://www.nuxeo.org/ecm/schemas/common/" name="common"></schema>
    <schema xmlns:stepf="http://www.nuxeo.org/ecm/schemas/step_folder" name="step_folder">
        <stepf:execution><![CDATA[graph]]></stepf:execution>
    </schema>
    <schema xmlns:dc="http://www.nuxeo.org/ecm/schemas/dublincore/" name="dublincore">
        <dc:title><![CDATA[workflow.sample.label]]></dc:title>
    </schema>
    <schema xmlns:sample-workflow="http://www.nuxeo.org/ecm/project/schemas/demo-studio/sample-workflow"
            name="sample-workflow"></schema>
    <schema xmlns:docri="http://www.nuxeo.org/ecm/schemas/document_route_instance/" name="document_route_instance">
        <docri:variablesFacet><![CDATA[facet-sample-workflow]]></docri:variablesFacet>
        <docri:availabilityFilter><![CDATA[filter@wf@SampleWorkflow]]></docri:availabilityFilter>
    </schema>
</document>
